{
    "ios": {
        "awscloudformation": {
            "AuthRoleName": "amplify-mmtest-ios-171716-authRole",
            "UnauthRoleArn": "arn:aws:iam::696925498914:role/amplify-mmtest-ios-171716-unauthRole",
            "AuthRoleArn": "arn:aws:iam::696925498914:role/amplify-mmtest-ios-171716-authRole",
            "Region": "us-east-2",
            "DeploymentBucketName": "amplify-mmtest-ios-171716-deployment",
            "UnauthRoleName": "amplify-mmtest-ios-171716-unauthRole",
            "StackName": "amplify-mmtest-ios-171716",
            "StackId": "arn:aws:cloudformation:us-east-2:696925498914:stack/amplify-mmtest-ios-171716/64107b10-0e47-11ea-aeb0-0a0a04c5437c"
        },
        "categories": {
            "auth": {
                "mmteste8c9504f": {}
            }
        }
    }
}