{
	"providers": {
		"awscloudformation": {
			"AuthRoleName": "amplify-mmtest-ios-171716-authRole",
			"UnauthRoleArn": "arn:aws:iam::696925498914:role/amplify-mmtest-ios-171716-unauthRole",
			"AuthRoleArn": "arn:aws:iam::696925498914:role/amplify-mmtest-ios-171716-authRole",
			"Region": "us-east-2",
			"DeploymentBucketName": "amplify-mmtest-ios-171716-deployment",
			"UnauthRoleName": "amplify-mmtest-ios-171716-unauthRole",
			"StackName": "amplify-mmtest-ios-171716",
			"StackId": "arn:aws:cloudformation:us-east-2:696925498914:stack/amplify-mmtest-ios-171716/64107b10-0e47-11ea-aeb0-0a0a04c5437c"
		}
	},
	"auth": {
		"mmteste8c9504f": {
			"service": "Cognito",
			"providerPlugin": "awscloudformation",
			"dependsOn": [],
			"providerMetadata": {
				"s3TemplateURL": "https://s3.amazonaws.com/amplify-mmtest-ios-171716-deployment/amplify-cfn-templates/auth/mmteste8c9504f-cloudformation-template.yml",
				"logicalId": "authmmteste8c9504f"
			},
			"lastPushTimeStamp": "2019-11-23T23:34:03.891Z",
			"output": {
				"AppClientSecret": "1e1cmg324g1pe1l93gjo19fh4f6r3ffru6lk20h1qu5qtkvt3i4j",
				"UserPoolId": "us-east-2_YK0TsbkeX",
				"AppClientIDWeb": "2l7skhd5d5j4upv893s08jhi8t",
				"AppClientID": "51nroeak85eufdrrrapsaro3tu",
				"IdentityPoolId": "us-east-2:5efbd9d4-c861-4af5-93e0-e06609a17692",
				"IdentityPoolName": "mmteste8c9504f_identitypool_e8c9504f__ios",
				"UserPoolName": "mmteste8c9504f_userpool_e8c9504f"
			},
			"lastPushDirHash": "Hipz4GbTW0j0PPWSLZSxkD8ZIAM="
		}
	},
	"api": {
		"mmtest": {
			"service": "AppSync",
			"providerPlugin": "awscloudformation",
			"output": {
				"authConfig": {
					"additionalAuthenticationProviders": [],
					"defaultAuthentication": {
						"authenticationType": "API_KEY",
						"apiKeyConfig": {
							"description": "mmtestone",
							"apiKeyExpirationDays": "365"
						}
					}
				},
				"GraphQLAPIIdOutput": "k43uoryikzcwnizmr7jmkzyshm",
				"GraphQLAPIEndpointOutput": "https://6aelam2eezaqxiiadmu65baziq.appsync-api.us-east-2.amazonaws.com/graphql",
				"GraphQLAPIKeyOutput": "da2-sgolftnegvgl3kurclkrc65isi"
			},
			"providerMetadata": {
				"s3TemplateURL": "https://s3.amazonaws.com/amplify-mmtest-ios-171716-deployment/amplify-cfn-templates/api/cloudformation-template.json",
				"logicalId": "apimmtest"
			},
			"lastPushTimeStamp": "2019-11-23T23:34:04.857Z",
			"lastPushDirHash": "20MOlN6QLoKDPnY+dBxzLq1HB7U="
		}
	}
}