{
	"auth": {
		"mmteste8c9504f": {
			"service": "Cognito",
			"providerPlugin": "awscloudformation",
			"dependsOn": []
		}
	},
	"api": {
		"mmtest": {
			"service": "AppSync",
			"providerPlugin": "awscloudformation",
			"output": {
				"authConfig": {
					"additionalAuthenticationProviders": [],
					"defaultAuthentication": {
						"authenticationType": "API_KEY",
						"apiKeyConfig": {
							"description": "mmtestone",
							"apiKeyExpirationDays": "365"
						}
					}
				}
			}
		}
	}
}